,events.out.tfevents.1556795834.gpu2.cse.cuhk.edu.hk,events.out.tfevents.1556796024.gpu2.cse.cuhk.edu.hk
195,11.569999694824219,11.800000190734863
