,events.out.tfevents.1556795834.gpu2.cse.cuhk.edu.hk,events.out.tfevents.1556796024.gpu2.cse.cuhk.edu.hk
195,3.789299249649048,3.8386354446411133
